<?xml version="1.0" encoding="UTF-8"?>
<project-private xmlns="http://www.netbeans.org/ns/project-private/1">
    <editor-bookmarks xmlns="http://www.netbeans.org/ns/editor-bookmarks/2" lastBookmarkId="0"/>
    <open-files xmlns="http://www.netbeans.org/ns/projectui-open-files/2">
        <group>
            <file>file:/C:/Users/Guilherme/Documents/NetBeansProjects/bibliotecaComServlet/src/java/com/exemplo/biblioteca/servlet/CriarLivroServlet.java</file>
            <file>file:/C:/Users/Guilherme/Documents/NetBeansProjects/bibliotecaComServlet/src/java/com/exemplo/biblioteca/servlet/PesquisaLivroServlet.java</file>
            <file>file:/C:/Users/Guilherme/Documents/NetBeansProjects/bibliotecaComServlet/src/java/com/exemplo/biblioteca/dao/LivrosDao.java</file>
            <file>file:/C:/Users/Guilherme/Documents/NetBeansProjects/bibliotecaComServlet/src/conf/persistence.xml</file>
            <file>file:/C:/Users/Guilherme/Documents/NetBeansProjects/bibliotecaComServlet/web/index.html</file>
            <file>file:/C:/Users/Guilherme/Documents/NetBeansProjects/bibliotecaComServlet/web/WEB-INF/glassfish-resources.xml</file>
            <file>file:/C:/Users/Guilherme/Documents/NetBeansProjects/bibliotecaComServlet/src/java/com/exemplo/biblioteca/entidades/Livro.java</file>
        </group>
    </open-files>
</project-private>
